date,USD_LKR
2010-05-07,113.6975
2010-05-11,113.6292
2010-05-12,113.6854
2010-05-13,113.7009
2010-05-14,113.6573
2010-06-01,113.8271
2010-06-02,113.7567
2010-06-14,113.5446
2010-06-15,113.572
2010-06-22,113.4625
2010-07-01,113.5897
2010-07-14,113.1292
2010-07-19,112.7252
2010-07-30,112.5618
2010-08-13,112.3888
2010-08-27,112.6058
2010-08-31,112.6897
2010-09-14,112.6132
2010-09-15,112.5431
2010-09-21,112.5442
2010-09-27,112.3064
2010-10-13,111.9335
2010-11-09,111.5154
2010-11-10,111.5843
2010-11-11,111.6845
2010-11-12,111.6
2010-11-15,111.685
2010-11-16,111.6964
2010-11-24,111.3637
2010-11-25,111.2437
2011-01-20,110.8124
2011-01-21,110.9594
2011-01-24,111.0139
2011-01-25,110.9216
2011-01-26,110.9091
2011-01-27,111.0493
2011-01-28,111.0536
2011-01-31,111.1007
2011-02-07,110.892
2011-02-08,110.9812
2011-02-09,110.9969
2011-02-10,110.9721
2011-02-11,110.9815
2011-02-14,111.0387
2011-02-15,111.0909
2011-02-18,111.0037
2011-02-28,110.7909
2011-03-07,110.5135
2011-03-10,110.007
2011-03-11,110.0047
2011-03-15,110.1845
2011-03-16,110.3852
2011-03-17,110.332
2011-03-18,110.3397
2011-03-21,110.3638
2011-03-22,110.3873
2011-03-23,110.3683
2011-03-24,110.3891
2011-03-25,110.3928
2011-03-28,110.3578
2011-03-29,110.3923
2011-03-30,110.3987
2011-03-31,110.3929
2011-04-01,110.3969
2011-04-04,110.2816
2011-04-05,110.3963
2011-04-06,110.3592
2011-04-11,110.3789
2011-04-12,110.3112
2011-04-18,110.3731
2011-04-19,110.3842
2011-04-20,110.3852
2011-04-21,110.3004
2011-04-25,110.2025
2011-04-26,110.1952
2011-04-28,110.1582
2011-04-29,109.8512
2011-05-03,109.9071
2011-05-04,109.7815
2011-05-05,109.7434
2011-05-06,109.713
2011-05-09,109.7957
2011-05-10,109.7751
2011-05-11,109.7756
2011-05-12,109.7233
2011-05-13,109.7469
2011-05-16,109.7768
2011-05-19,109.7921
2011-05-20,109.7898
2011-05-23,109.7941
2011-05-24,109.8971
2011-05-30,109.8797
2011-05-31,109.7618
2011-06-01,109.6599
2011-06-02,109.6835
2011-06-03,109.7485
2011-06-06,109.7186
2011-06-07,109.6122
2011-06-08,109.6026
2011-06-09,109.4853
2011-06-13,109.4892
2011-06-14,109.4597
2011-06-16,109.5289
2011-06-17,109.5673
2011-06-21,109.5741
2011-06-23,109.5713
2011-06-24,109.5992
2011-06-27,109.5917
2011-06-29,109.6954
2011-06-30,109.6071
2011-07-01,109.5037
2011-07-04,109.5021
2011-07-05,109.4982
2011-07-06,109.4987
2011-07-07,109.4998
2011-07-08,109.5
2011-07-11,109.4995
2011-07-12,109.5
2011-07-13,109.5748
2011-07-15,109.6
2011-07-18,109.4967
2011-07-19,109.4981
2011-07-20,109.4968
2011-07-21,109.496
2011-07-22,109.485
2011-07-25,109.4642
2011-07-26,109.4919
2011-07-27,109.4883
2011-07-28,109.4665
2011-07-29,109.4881
2011-08-01,109.4789
2011-08-02,109.4944
2011-08-03,109.5813
2011-08-04,109.6669
2011-08-05,109.6625
2011-08-08,109.7149
2011-08-09,109.7747
2011-08-10,109.7871
2011-08-11,109.7393
2011-08-12,109.7137
2011-08-15,109.6805
2011-08-16,109.8082
2011-08-18,109.9
2011-08-19,109.9277
2011-08-22,109.9716
2011-08-23,109.9712
2011-08-24,109.9844
2011-08-29,109.9907
2011-08-30,109.8934
2011-09-01,109.8998
2011-09-05,109.9931
2011-09-06,110.089
2011-09-07,110.1031
2011-09-08,110.1931
2011-09-12,110.1116
2011-09-13,110.0893
2011-09-14,110.1
2011-09-15,110.0783
2011-09-16,110.0862
2011-09-19,110.0936
2011-09-20,110.1
2011-09-22,110.1853
2011-09-23,110.2953
2011-09-26,110.3
2011-09-28,110.2995
2011-09-29,110.1958
2011-09-30,110.192
2011-10-03,110.1927
2011-10-04,110.1988
2011-10-05,110.1992
2011-10-12,110.1903
2011-10-13,110.1986
2011-10-17,110.2
2011-10-18,110.1957
2011-10-19,110.1982
2011-10-20,110.1979
2011-10-21,110.2
2011-11-09,110.2
2011-11-14,110.2
2011-11-24,114.049
2011-12-01,113.8992
2011-12-02,113.9
2011-12-05,113.9
2011-12-06,113.9
2011-12-07,113.9
2011-12-08,113.8997
2011-12-09,113.8976
2011-12-12,113.8997
2011-12-13,113.8979
2011-12-14,113.9006
2011-12-15,113.9
2011-12-16,113.9
2012-01-02,113.8999
2012-01-03,113.8998
2012-01-04,113.9
2012-01-05,113.9
2012-01-06,113.8998
2012-01-09,113.9
2012-01-10,113.9
2012-01-11,113.9
2012-01-12,113.8984
2012-01-13,113.9
2012-01-17,113.8987
2012-01-18,113.8996
2012-01-19,113.9
2012-01-20,113.9025
2012-01-23,113.9
2012-01-24,113.9
2012-01-26,113.8988
2012-01-27,113.9
2012-01-30,113.8954
2012-01-31,113.9
2012-02-01,113.8997
2012-02-02,113.8984
2012-02-03,113.8996
2012-02-06,114.0592
2012-02-08,114.2906
2012-02-13,114.9382
2012-02-14,116.1085
2012-02-15,119.1514
2012-02-16,119.8908
2012-02-17,119.3708
2012-02-21,118.5696
2012-02-22,118.4706
2012-02-23,118.6797
2012-02-24,119.1422
2012-02-27,119.8025
2012-02-28,120.5922
2012-02-29,121.1198
2012-03-01,121.907
2012-03-02,122.0764
2012-04-04,126.6993
2012-06-08,130.1486
2012-06-11,130.3868
2012-06-13,132.3251
2012-06-15,132.0539
2012-06-18,131.7936
2012-06-20,132.4807
2012-06-22,132.8614
2012-06-25,132.8667
2012-06-27,133.1261
2012-06-29,133.3044
2012-07-02,133.749
2012-07-06,133.6876
2012-07-10,133.4704
2012-09-06,132.2999
2012-09-07,132.3629
2012-09-11,132.294
2012-09-12,132.2466
2012-09-13,131.9484
2012-09-14,131.7911
2012-09-17,132.1385
2012-09-18,132.003
2012-09-19,132.0422
2012-09-20,131.5943
2012-09-21,131.4845
2012-09-24,131.4135
2012-09-25,131.1501
2012-09-26,130.9657
2012-09-27,130.9677
2012-09-28,129.7943
2012-10-01,129.2609
2012-10-02,129.1083
2012-10-03,129.1417
2012-10-04,129.3008
2012-10-05,129.702
2012-10-08,128.4836
2012-10-09,128.2126
2012-10-10,128.3052
2012-10-11,128.3627
2012-10-12,128.5822
2012-10-15,128.4985
2012-10-16,128.4349
2012-10-18,128.6954
2012-10-19,128.9114
2012-10-22,128.9909
2012-10-23,129.6239
2012-10-24,129.926
2012-10-25,130.0182
2012-10-26,130.1585
2012-10-30,129.9543
2012-10-31,130.0272
2012-11-01,130.1015
2012-11-02,130.3442
2012-11-05,130.2943
2012-11-06,130.3408
2012-11-07,130.4533
2012-11-09,130.967
2012-11-12,130.7526
2012-11-14,130.5591
2012-11-15,130.3148
2012-11-16,130.0545
2012-11-19,129.9758
2012-11-20,130.1379
2013-01-01,127.3025
2013-01-02,127.6522
2013-01-03,127.3452
2013-01-07,127.3895
2013-01-08,127.383
2013-01-09,127.2241
2013-01-10,126.2912
2013-01-11,126.0354
2013-01-15,126.0684
2013-01-16,126.3433
2013-01-24,126.9609
2013-01-28,127.0078
2013-01-30,126.6989
2013-01-31,126.4512
2013-02-01,126.4532
2013-03-08,127.3038
2013-04-05,125.9784
2013-05-06,126.2946
2013-05-08,126.3673
2013-05-10,126.0029
2013-05-13,126.0029
2013-05-20,126.1837
2013-06-06,126.456
2013-06-07,126.4642
2013-06-12,127.3273
2013-06-21,128.4449
2013-06-25,128.8274
2013-07-04,130.5896
2013-07-26,131.5009
2013-07-29,131.6
2013-07-30,131.5714
2013-07-31,131.6
2013-08-01,131.5902
2013-08-02,131.6
2013-08-05,131.6
2013-08-06,131.594
2013-08-07,131.598
2013-08-08,131.6
2013-08-12,131.59
2013-08-13,131.6
2013-08-14,131.6
2013-08-15,131.5434
2013-08-16,131.4389
2013-08-19,131.5205
2013-08-21,131.6
2013-08-22,131.75
2013-08-23,131.8573
2013-08-26,131.9254
2013-08-27,132.0
2013-08-28,132.5
2013-08-29,133.0
2013-08-30,133.0575
2013-09-02,132.9
2013-09-03,133.0
2013-09-04,133.0
2013-09-05,132.9972
2013-09-06,132.955
2013-09-09,132.9667
2013-09-10,132.9
2013-09-11,132.88
2013-09-12,132.4238
2013-09-13,132.2558
2013-09-16,132.0965
2013-09-17,132.2218
2013-09-18,132.25
2013-09-20,132.25
2013-09-23,132.1387
2013-09-24,132.06
2013-09-25,132.1579
2013-09-26,131.9833
2013-09-27,131.9617
2013-09-30,131.9809
2013-10-01,131.9963
2013-10-02,131.7903
2013-10-03,131.4078
2013-10-04,131.3159
2013-10-07,131.2483
2013-10-08,131.1187
2013-10-09,131.1787
2013-10-10,131.1366
2013-10-11,131.173
2013-10-14,131.036
2013-10-15,130.8956
2013-10-17,130.9614
2013-10-21,131.0545
2013-10-22,130.9642
2013-10-23,130.9472
2013-10-24,130.7628
2013-10-25,130.5886
2013-10-28,130.4857
2013-10-29,130.8812
2013-10-30,131.0783
2013-10-31,131.0065
2013-11-01,130.8638
2013-11-04,130.8982
2013-11-05,131.0876
2013-11-06,131.1
2013-11-07,131.0689
2013-11-08,131.1
2013-11-11,131.1
2013-11-12,131.0836
2013-11-13,131.0833
2013-11-14,131.0645
2013-11-15,131.1
2013-11-18,131.1
2013-11-19,131.07
2013-11-20,131.1
2013-11-21,131.1
2013-11-22,131.1
2013-11-25,131.1
2013-11-26,131.1107
2013-11-27,131.15
2013-11-28,131.1528
2013-11-29,131.2
2013-12-02,131.1951
2013-12-03,131.1522
2013-12-04,130.8791
2013-12-05,130.8437
2013-12-06,130.8336
2013-12-09,130.8036
2013-12-10,130.7863
2013-12-11,130.8164
2013-12-12,130.838
2013-12-13,130.85
2013-12-17,130.8548
2013-12-18,130.7972
2013-12-19,130.7705
2013-12-20,130.7619
2013-12-23,130.7413
2013-12-24,130.7185
2013-12-26,130.7089
2013-12-27,130.7007
2013-12-30,130.75
2013-12-31,130.753
2014-01-01,130.75
2014-01-02,130.7051
2014-01-03,130.7035
2014-01-06,130.6811
2014-01-07,130.695
2014-01-08,130.741
2014-01-09,130.8059
2014-01-10,130.7314
2014-01-13,130.7029
2014-01-16,130.7117
2014-01-17,130.6629
2014-01-20,130.7202
2014-01-21,130.7368
2014-01-22,130.7477
2014-01-23,130.7787
2014-01-24,130.8216
2014-01-27,130.6575
2014-01-28,130.7494
2014-01-29,130.7849
2014-01-30,130.7339
2014-01-31,130.6957
2014-02-03,130.7555
2014-02-05,130.7284
2014-02-06,130.6522
2014-02-07,130.6471
2014-02-10,130.6831
2014-02-11,130.7142
2014-02-12,130.8003
2014-02-13,130.8357
2014-02-17,130.8373
2014-02-18,130.8167
2014-02-19,130.7998
2014-02-20,130.85
2014-02-21,130.8485
2014-02-24,130.9393
2014-02-25,131.0184
2014-02-26,131.0197
2014-02-28,131.0008
2014-03-03,130.9191
2014-03-04,130.6341
2014-03-05,130.6055
2014-03-06,130.6001
2014-03-07,130.5646
2014-03-10,130.5483
2014-03-11,130.5548
2014-03-12,130.5025
2014-03-13,130.567
2014-03-14,130.6357
2014-03-17,130.6067
2014-03-18,130.5836
2014-03-19,130.5675
2014-03-20,130.5903
2014-03-21,130.6474
2014-03-24,130.6484
2014-03-25,130.6497
2014-03-26,130.6932
2014-03-27,130.6866
2014-03-28,130.6917
2014-03-31,130.6949
2014-04-01,130.7
2014-04-02,130.6895
2014-04-03,130.689
2014-04-04,130.6804
2014-04-07,130.5624
2014-04-08,130.7
2014-04-09,130.589
2014-04-10,130.5891
2014-04-11,130.5726
2014-04-16,130.5973
2014-04-17,130.6113
2014-04-21,130.6
2014-04-22,130.6082
2014-04-23,130.5973
2014-04-24,130.6191
2014-04-25,130.6182
2014-04-28,130.604
2014-04-29,130.5982
2014-04-30,130.5962
2014-05-02,130.625
2014-05-05,130.5957
2014-05-06,130.6
2014-05-07,130.6
2014-05-08,130.6
2014-05-09,130.5403
2014-05-12,130.4841
2014-05-13,130.3587
2014-05-16,130.3608
2014-05-19,130.3561
2014-05-20,130.3515
2014-05-21,130.3742
2014-05-22,130.3732
2014-05-23,130.3525
2014-05-26,130.3717
2014-05-27,130.4152
2014-05-28,130.3865
2014-05-29,130.4359
2014-05-30,130.4631
2014-06-02,130.3863
2014-06-03,130.3526
2014-06-04,130.3518
2014-06-05,130.3164
2014-06-06,130.2841
2014-06-09,130.2566
2014-06-10,130.2603
2014-06-11,130.26
2014-06-13,130.253
2014-06-16,130.2476
2014-06-17,130.2355
2014-06-18,130.2298
2014-06-19,130.2381
2014-06-20,130.2652
2014-06-23,130.2927
2014-06-24,130.2741
2014-06-25,130.2904
2014-06-26,130.3144
2014-06-27,130.3359
2014-06-30,130.3018
2014-07-01,130.3256
2014-07-02,130.301
2014-07-03,130.2807
2014-07-04,130.2691
2014-07-07,130.2573
2014-07-08,130.2561
2014-07-09,130.2504
2014-07-10,130.2207
2014-07-11,130.2233
2014-07-14,130.2
2014-07-15,130.1974
2014-07-16,130.18
2014-07-17,130.1865
2014-07-18,130.2
2014-07-21,130.25
2014-07-22,130.287
2014-07-23,130.2659
2014-07-24,130.2598
2014-07-25,130.2297
2014-07-28,130.227
2014-07-30,130.2086
2014-07-31,130.2102
2014-08-01,130.2067
2014-08-04,130.2303
2014-08-05,130.2255
2014-08-06,130.2104
2014-08-07,130.1933
2014-08-08,130.1862
2014-08-11,130.1711
2014-08-12,130.16
2014-08-13,130.19
2014-08-14,130.2306
2014-08-15,130.1646
2014-08-18,130.1609
2014-08-19,130.1518
2014-08-20,130.13
2014-08-21,130.2078
2014-08-22,130.2014
2014-08-25,130.1763
2014-08-26,130.1934
2014-08-27,130.184
2014-08-28,130.188
2014-08-29,130.1962
2014-09-01,130.2045
2014-09-02,130.1913
2014-09-03,130.205
2014-09-04,130.2037
2014-09-05,130.1987
2014-09-09,130.2
2014-09-10,130.2027
2014-09-11,130.23
2014-09-12,130.2717
2014-09-15,130.28
2014-09-16,130.28
2014-09-17,130.2759
2014-09-18,130.2813
2014-09-19,130.275
2014-09-22,130.28
2014-09-23,130.2712
2014-09-24,130.2855
2014-09-25,130.3067
2014-09-26,130.3071
2014-09-29,130.35
2014-09-30,130.3707
2014-10-01,130.43
2014-10-02,130.4982
2014-10-03,130.4946
2014-10-07,130.3529
2014-10-09,130.3127
2014-10-10,130.3461
2014-10-13,130.3815
2014-10-14,130.55
2014-10-15,130.55
2014-10-16,130.5659
2014-10-17,130.6
2014-10-20,130.6
2014-10-21,130.6348
2014-10-23,130.75
2014-10-24,130.7667
2014-10-27,130.8175
2014-10-28,130.83
2014-10-29,130.8155
2014-10-30,130.85
2014-10-31,130.8436
2014-11-03,130.8367
2014-11-04,130.85
2014-11-05,130.85
2014-11-07,130.85
2014-11-10,130.8656
2014-11-11,130.874
2014-11-12,130.9
2014-11-13,130.8925
2014-11-14,130.95
2014-11-17,130.95
2014-11-18,130.9861
2014-11-19,130.9902
2014-11-20,131.0
2014-11-21,131.0
2014-11-24,131.0
2014-11-25,130.9967
2014-11-26,131.0
2014-11-27,131.0136
2014-11-28,131.0082
2014-12-01,131.05
2014-12-02,131.05
2014-12-03,131.0
2014-12-04,131.0
2014-12-05,131.0182
2014-12-08,131.02
2014-12-09,131.0
2014-12-10,131.01
2014-12-11,131.0071
2014-12-12,131.0225
2014-12-15,131.0
2014-12-16,130.9917
2014-12-17,131.0434
2014-12-18,131.0158
2014-12-19,131.0128
2014-12-22,131.0348
2014-12-23,131.0004
2014-12-24,130.9978
2014-12-26,131.005
2014-12-29,131.0689
2014-12-30,131.0778
2014-12-31,131.0486
2015-01-01,131.091
2015-01-02,131.0125
2015-01-06,131.02
2015-01-07,131.015
2015-01-08,131.25
2015-01-09,131.25
2015-01-12,131.245
2015-01-13,131.22
2015-01-16,131.0889
2015-01-19,131.5
2015-01-20,131.7054
2015-01-21,131.7433
2015-01-22,131.9
2015-01-23,131.85
2015-01-26,132.0
2015-01-27,132.0817
2015-01-28,132.0975
2015-01-29,132.194
2015-01-30,132.2
2015-02-02,132.2
2015-02-05,132.2
2015-02-06,132.2
2015-02-09,132.8
2015-02-10,132.8
2015-02-11,132.7987
2015-02-12,132.8
2015-02-13,132.8
2015-02-16,132.8
2015-02-18,132.8
2015-02-19,132.8
2015-02-20,132.9
2015-02-23,132.9
2015-02-24,132.9
2015-02-25,132.8991
2015-02-26,132.9
2015-02-27,132.9
2015-03-02,132.9
2015-03-03,132.9
2015-03-04,132.8986
2015-03-06,132.9
2015-03-09,132.9
2015-03-10,132.9
2015-03-11,132.9
2015-03-12,132.9
2015-03-13,132.9
2015-03-16,132.9
2015-03-17,132.9
2015-03-18,132.9
2015-03-19,132.9
2015-03-20,132.9
2015-03-23,132.9
2015-03-24,132.9
2015-03-25,132.9
2015-03-26,132.9
2015-03-27,132.9
2015-03-30,132.8794
2015-03-31,132.9
2015-04-01,132.9
2015-04-02,132.9
2015-04-06,132.8984
2015-04-07,132.9
2015-04-08,132.9
2015-04-09,132.9
2015-04-10,132.9
2015-04-15,132.8983
2015-04-16,132.9
2015-04-17,132.9
2015-04-20,132.9
2015-04-21,132.8964
2015-04-22,132.8981
2015-04-23,132.8983
2015-04-24,132.8994
2015-04-27,132.9
2015-04-28,132.897
2015-04-29,132.9
2015-04-30,132.9
2015-05-05,133.0714
2015-05-06,133.1
2015-05-07,133.3
2015-05-08,133.3
2015-05-11,133.3
2015-05-12,133.4412
2015-05-13,133.5
2015-05-14,133.4
2015-05-15,133.4
2015-05-18,133.3125
2015-05-19,133.3
2015-05-20,133.4994
2015-05-21,133.7
2015-05-22,133.7
2015-05-25,133.7
2015-05-26,133.7
2015-05-27,133.9
2015-05-28,133.9
2015-05-29,133.9
2015-06-01,133.9
2015-06-03,133.9
2015-06-04,133.9
2015-06-05,133.9
2015-06-08,133.8966
2015-06-09,133.8979
2015-06-10,133.8
2015-06-11,133.7985
2015-06-12,133.7973
2015-06-15,134.0
2015-06-16,133.9987
2015-06-17,133.9995
2015-06-18,133.9986
2015-06-19,134.2
2015-06-22,134.1
2015-06-23,133.9
2015-06-24,133.9
2015-06-25,133.8
2015-06-26,133.7126
2015-06-29,133.7
2015-06-30,133.7
2015-07-02,133.7
2015-07-03,133.6
2015-07-06,133.6
2015-07-07,133.6
2015-07-08,133.6
2015-07-09,133.6
2015-07-10,133.6
2015-07-13,133.6
2015-07-14,133.8
2015-07-15,133.8
2015-07-16,133.7992
2015-07-17,133.8
2015-07-20,133.7994
2015-07-21,133.8
2015-07-22,133.7
2015-07-23,133.6988
2015-07-24,133.6971
2015-07-27,133.6976
2015-07-28,133.7
2015-07-29,133.6
2015-07-30,133.6
2015-08-03,133.6
2015-08-04,133.5
2015-08-05,133.4993
2015-08-06,133.4927
2015-08-07,133.75
2015-08-10,133.75
2015-08-11,133.75
2015-08-12,133.75
2015-08-13,133.8
2015-08-14,133.9
2015-08-17,133.9
2015-08-18,134.0
2015-08-19,134.0
2015-08-20,133.8967
2015-08-21,133.9
2015-08-24,134.0
2015-08-25,134.1
2015-08-26,134.2496
2015-08-27,134.15
2015-08-28,134.15
2015-08-31,134.3
2015-09-01,134.5
2015-09-02,134.5
2015-09-03,134.5
2015-09-04,134.75
2015-09-07,137.875
2015-09-08,137.4985
2015-09-09,138.1655
2015-09-10,138.7796
2015-09-11,138.936
2015-09-14,139.0345
2015-09-15,139.7679
2015-09-16,139.9898
2015-09-17,140.6358
2015-09-18,140.7891
2015-09-21,140.5167
2015-09-22,140.8342
2015-09-23,140.951
2015-09-25,140.9578
2015-09-28,140.9568
2015-09-29,141.2438
2015-09-30,141.2335
2015-10-01,141.2334
2015-10-02,141.2575
2015-10-05,141.2601
2015-10-06,141.2243
2015-10-07,141.0307
2015-10-08,140.5995
2015-10-09,140.5457
2015-10-12,140.338
2015-10-13,140.3209
2015-10-14,140.4809
2015-10-15,140.6841
2015-10-16,140.9312
2015-10-19,140.9554
2015-10-20,140.9672
2015-10-21,140.9901
2015-10-22,141.0126
2015-10-23,141.0638
2015-10-26,141.0489
2015-10-28,141.1087
2015-10-29,140.8772
2015-10-30,140.8543
2015-11-02,140.9668
2015-11-03,140.9771
2015-11-04,141.0487
2015-11-05,141.2663
2015-11-06,141.562
2015-11-09,141.5214
2015-11-11,141.901
2015-11-12,141.929
2015-11-13,141.9633
2015-11-16,142.0599
2015-11-17,142.1384
2015-11-18,142.2944
2015-11-19,142.2797
2015-11-20,142.3063
2015-11-23,142.4662
2015-11-24,142.6267
2015-11-26,142.8892
2015-11-27,143.0667
2015-11-30,143.2074
2015-12-01,143.239
2015-12-02,143.2327
2015-12-03,143.2318
2015-12-04,143.2498
2015-12-07,143.2529
2015-12-08,143.2426
2015-12-09,143.2214
2015-12-10,143.178
2015-12-11,143.2196
2015-12-14,143.276
2015-12-15,143.4938
2015-12-16,143.4583
2015-12-17,143.5647
2015-12-18,143.5606
2015-12-21,143.5406
2015-12-22,143.5415
2015-12-23,143.5859
2015-12-28,143.6286
2015-12-29,143.6861
2015-12-30,143.8484
2015-12-31,144.0623
2016-01-01,144.0716
2016-01-04,144.2333
2016-01-05,144.1833
2016-01-06,144.2318
2016-01-07,144.0106
2016-01-08,143.9415
2016-01-11,143.8175
2016-01-12,143.7993
2016-01-13,143.745
2016-01-14,143.8047
2016-01-18,143.8161
2016-01-19,143.9308
2016-01-20,143.9169
2016-01-21,143.8858
2016-01-22,143.9
2016-01-25,143.9
2016-01-26,143.9089
2016-01-27,143.89
2016-01-28,143.8972
2016-01-29,143.9208
2016-02-01,143.9
2016-02-02,143.9071
2016-02-03,143.9
2016-02-05,143.9296
2016-02-08,143.9046
2016-02-09,143.9091
2016-02-10,143.9
2016-02-11,143.9
2016-02-12,143.897
2016-02-15,143.8989
2016-02-16,143.9207
2016-02-17,143.9004
2016-02-18,143.9
2016-02-19,143.93
2016-02-23,143.9192
2016-02-24,143.8943
2016-02-25,143.883
2016-02-26,143.9
2016-02-29,144.354
2016-03-01,143.9165
2016-03-02,143.9108
2016-03-03,144.2556
2016-03-04,144.1154
2016-03-08,143.9
2016-03-09,143.9089
2016-03-10,144.0067
2016-03-11,144.3571
2016-03-14,143.9
2016-03-15,143.9
2016-03-16,143.898
2016-03-17,143.9
2016-03-18,143.9
2016-03-21,143.9
2016-03-23,143.93
2016-03-24,143.9035
2016-03-28,143.895
2016-03-29,143.9
2016-03-30,143.89
2016-03-31,143.9
2016-04-01,143.9
2016-04-04,143.9
2016-04-05,143.9
2016-04-06,143.9
2016-04-07,143.9
2016-04-08,143.9
2016-04-11,143.9
2016-04-12,143.9
2016-04-15,143.9
2016-04-18,143.9
2016-04-19,143.9
2016-04-20,143.9
2016-04-22,143.9
2016-04-25,143.9024
2016-04-26,143.9
2016-04-27,143.9
2016-04-28,143.9
2016-04-29,143.9
2016-05-03,143.9
2016-05-04,145.73
2016-05-05,145.73
2016-05-06,145.73
2016-05-09,145.7617
2016-05-10,145.715
2016-05-11,145.7327
2016-05-12,145.75
2016-05-13,145.75
2016-05-16,145.74
2016-05-17,145.74
2016-05-18,145.725
2016-05-19,145.75
2016-05-20,145.75
2016-05-24,145.75
2016-05-25,145.75
2016-05-26,145.75
2016-05-27,145.75
2016-05-30,145.75
2016-05-31,145.75
2016-06-01,145.955
2016-06-02,145.908
2016-06-03,145.95
2016-06-06,145.925
2016-06-07,145.9
2016-06-08,145.75
2016-06-09,145.7458
2016-06-10,145.548
2016-06-13,145.0131
2016-06-14,144.7474
2016-06-15,144.725
2016-06-16,144.75
2016-06-17,144.5893
2016-06-20,144.5
2016-06-21,144.5385
2016-06-22,145.1935
2016-06-23,145.25
2016-06-24,145.25
2016-06-27,145.25
2016-06-28,145.25
2016-06-29,145.25
2016-06-30,145.25
2016-07-01,145.25
2016-07-04,145.25
2016-07-05,145.246
2016-07-07,145.246
2016-07-08,145.25
2016-07-11,145.25
2016-07-12,145.25
2016-07-13,145.2477
2016-07-14,145.25
2016-07-15,145.25
2016-07-18,145.25
2016-07-20,145.25
2016-07-21,145.25
2016-07-22,145.75
2016-07-25,145.75
2016-07-26,145.75
2016-07-27,145.75
2016-07-28,145.7466
2016-07-29,145.7466
2016-08-01,145.75
2016-08-02,145.75
2016-08-03,145.745
2016-08-04,145.7471
2016-08-05,145.6167
2016-08-08,145.6
2016-08-09,145.6
2016-08-10,145.6
2016-08-11,145.6
2016-08-12,145.5
2016-08-15,145.5
2016-08-16,145.5
2016-08-18,145.5
2016-08-19,145.5
2016-08-22,145.5
2016-08-23,145.5
2016-08-24,145.5
2016-08-25,145.5111
2016-08-26,145.8525
2016-08-29,145.6
2016-08-30,145.6286
2016-08-31,145.62
2016-09-01,145.5564
2016-09-02,145.5118
2016-09-05,145.4911
2016-09-06,145.4175
2016-09-07,145.4175
2016-09-08,145.4333
2016-09-09,145.4214
2016-09-13,145.1558
2016-09-14,145.2978
2016-09-15,145.5983
2016-09-19,145.8126
2016-09-20,145.75
2016-09-21,145.7706
2016-09-22,146.022
2016-09-23,145.9
2016-09-26,146.2704
2016-09-27,146.3273
2016-09-28,146.3385
2016-09-29,146.4824
2016-09-30,146.7229
2016-10-03,146.8753
2016-10-04,146.7257
2016-10-05,146.6698
2016-10-06,146.753
2016-10-07,146.7414
2016-10-10,146.8469
2016-10-11,146.85
2016-10-12,146.9
2016-10-13,146.9
2016-10-14,146.9
2016-10-17,146.8976
2016-10-18,146.8778
2016-10-19,146.9
2016-10-20,146.9
2016-10-21,146.9
2016-10-24,146.9
2016-10-25,146.9
2016-10-26,146.9
2016-10-27,146.9
2016-10-28,146.9667
2016-10-31,147.1136
2016-11-01,147.3963
2016-11-02,147.3963
2016-11-03,147.4
2016-11-04,147.73
2016-11-07,147.7283
2016-11-08,147.7085
2016-11-09,147.7471
2016-11-10,147.7471
2016-11-11,147.75
2016-11-15,147.75
2016-11-16,147.7475
2016-11-17,147.746
2016-11-18,147.747
2016-11-21,147.95
2016-11-22,147.95
2016-11-23,147.95
2016-11-24,147.9481
2016-11-25,147.9481
2016-11-28,147.95
2016-11-29,147.95
2016-11-30,147.95
2016-12-01,147.95
2016-12-02,147.964
2016-12-05,148.1
2016-12-06,148.3
2016-12-07,148.3
2016-12-08,148.6548
2016-12-09,148.6929
2016-12-14,148.6874
2016-12-15,148.6874
2016-12-16,149.095
2016-12-19,149.0933
2016-12-20,149.08
2016-12-21,149.0425
2016-12-22,149.295
2016-12-23,149.295
2016-12-27,149.4231
2016-12-28,149.5
2016-12-29,149.7975
2016-12-30,149.8
2017-01-02,149.9747
2017-01-03,150.0
2017-01-04,150.0
2017-01-05,149.9992
2017-01-06,150.0
2017-01-09,149.9983
2017-01-10,150.0
2017-01-11,149.9828
2017-01-13,150.0
2017-01-16,150.0402
2017-01-17,150.1222
2017-01-18,150.1363
2017-01-19,150.15
2017-01-20,150.1424
2017-01-23,150.15
2017-01-24,150.1478
2017-01-25,150.15
2017-01-26,150.2494
2017-01-27,150.25
2017-01-30,150.25
2017-01-31,150.2429
2017-02-01,150.3246
2017-02-02,150.5
2017-02-03,150.5
2017-02-06,150.5
2017-02-07,150.75
2017-02-08,150.75
2017-02-09,150.75
2017-02-13,150.7474
2017-02-14,150.7306
2017-02-15,150.7456
2017-02-16,150.7416
2017-02-17,150.7482
2017-02-20,150.8214
2017-02-21,151.1245
2017-02-22,151.2426
2017-02-23,151.235
2017-02-27,151.25
2017-02-28,151.25
2017-03-01,151.25
2017-03-02,151.2476
2017-03-03,151.25
2017-03-06,151.25
2017-03-07,151.2371
2017-03-08,151.2534
2017-03-09,151.35
2017-03-10,151.35
2017-03-13,151.35
2017-03-14,151.3494
2017-03-15,151.35
2017-03-16,151.3469
2017-03-17,151.308
2017-03-20,151.3138
2017-03-21,151.3939
2017-03-22,151.6083
2017-03-23,151.6
2017-03-24,151.6
2017-03-27,151.6
2017-03-28,151.6943
2017-03-29,151.6943
2017-03-30,151.7
2017-03-31,151.7354
2017-04-03,151.6
2017-04-04,151.6
2017-04-05,151.6
2017-04-06,151.6
2017-04-07,151.6
2017-04-11,151.6
2017-04-12,151.6133
2017-04-17,151.6
2017-04-18,151.9
2017-04-19,151.9
2017-04-20,151.9
2017-04-21,151.9
2017-04-24,151.9
2017-04-25,151.8985
2017-04-26,151.9
2017-04-27,151.9
2017-04-28,151.9
2017-05-02,151.9
2017-05-03,151.9
2017-05-04,152.0391
2017-05-05,152.0455
2017-05-08,152.3154
2017-05-09,152.3154
2017-05-12,152.3
2017-05-15,152.3769
2017-05-16,152.3
2017-05-17,152.3667
2017-05-18,152.3295
2017-05-19,152.5
2017-05-22,152.5
2017-05-23,152.5
2017-05-24,152.5
2017-05-25,152.5
2017-05-26,152.5
2017-05-29,152.5
2017-05-30,152.5
2017-05-31,152.5
2017-06-01,152.5
2017-06-02,152.5
2017-06-05,152.5
2017-06-06,152.4966
2017-06-07,152.4786
2017-06-09,152.5
2017-06-12,152.5
2017-06-13,152.5
2017-06-14,152.5
2017-06-15,152.5
2017-06-16,152.5
2017-06-19,152.85
2017-06-20,153.0236
2017-06-21,153.2658
2017-06-22,153.3313
2017-06-23,153.3453
2017-06-27,153.2334
2017-06-28,153.2668
2017-06-29,153.313
2017-06-30,153.51
2017-07-03,153.51
2017-07-04,153.5427
2017-07-05,153.6163
2017-07-06,153.7243
2017-07-07,153.7096
2017-07-10,153.6625
2017-07-11,153.7217
2017-07-12,153.6652
2017-07-13,153.7047
2017-07-14,153.7125
2017-07-17,153.7303
2017-07-18,153.7026
2017-07-19,153.7072
2017-07-20,153.751
2017-07-21,153.6808
2017-07-24,153.7052
2017-07-25,153.581
2017-07-26,153.5212
2017-07-27,153.5738
2017-07-28,153.7357
2017-07-31,153.7278
2017-08-01,153.6111
2017-08-02,153.5068
2017-08-03,153.4864
2017-08-04,153.4948
2017-08-08,153.3579
2017-08-09,153.326
2017-08-10,153.2262
2017-08-11,153.1871
2017-08-14,153.0729
2017-08-15,153.12
2017-08-16,153.208
2017-08-17,153.2016
2017-08-18,153.315
2017-08-21,153.3472
2017-08-22,153.3
2017-08-23,153.15
2017-08-24,152.9127
2017-08-25,152.944
2017-08-28,152.9633
2017-08-29,152.9208
2017-08-30,152.7582
2017-08-31,152.835
2017-09-04,152.7656
2017-09-06,152.5028
2017-09-07,152.5607
2017-09-08,152.7098
2017-09-11,152.8017
2017-09-12,152.849
2017-09-13,152.8371
2017-09-14,152.9124
2017-09-15,153.1269
2017-09-18,152.9684
2017-09-19,152.9692
2017-09-20,153.1959
2017-09-21,153.0503
2017-09-22,152.8252
2017-09-25,152.8067
2017-09-26,152.9434
2017-09-27,153.0245
2017-09-28,153.1024
2017-09-29,153.0983
2017-10-02,153.1072
2017-10-03,153.1394
2017-10-04,153.2121
2017-10-06,153.3286
2017-10-09,153.2603
2017-10-10,153.2885
2017-10-11,153.3903
2017-10-12,153.465
2017-10-13,153.6258
2017-10-16,153.7464
2017-10-17,153.6527
2017-10-19,153.619
2017-10-20,153.6976
2017-10-23,153.6467
2017-10-24,153.7473
2017-10-25,153.7845
2017-10-26,153.8586
2017-10-27,153.8
2017-10-30,153.5628
2017-10-31,153.5903
2017-11-01,153.5915
2017-11-02,153.698
2017-11-06,153.6598
2017-11-07,153.6279
2017-11-08,153.4353
2017-11-09,153.3588
2017-11-10,153.5123
2017-11-13,153.6339
2017-11-14,153.6184
2017-11-15,153.6061
2017-11-16,153.7806
2017-11-17,153.792
2017-11-20,153.6468
2017-11-21,153.7552
2017-11-22,153.8167
2017-11-23,153.776
2017-11-24,153.6767
2017-11-27,153.7513
2017-11-28,153.6152
2017-11-29,153.7396
2017-11-30,153.7652
2017-12-04,153.6882
2017-12-05,153.6153
2017-12-06,153.3869
2017-12-07,153.3314
2017-12-08,153.3593
2017-12-11,153.17
2017-12-12,153.0573
2017-12-13,153.0136
2017-12-14,153.1463
2017-12-15,153.3441
2017-12-18,153.2297
2017-12-19,153.1593
2017-12-20,153.1487
2017-12-21,153.0594
2017-12-22,152.9524
2017-12-26,152.942
2017-12-27,152.7775
2017-12-28,152.6243
2017-12-29,152.8548
2018-01-02,153.4697
2018-01-03,153.6377
2018-01-04,153.7699
2018-01-05,153.6506
2018-01-08,153.5567
2018-01-09,153.8052
2018-01-10,153.8203
2018-01-11,153.7661
2018-01-12,153.781
2018-01-16,153.91
2018-01-17,153.9215
2018-01-18,153.8569
2018-01-19,153.8803
2018-01-22,153.9447
2018-01-23,154.0135
2018-01-24,154.0688
2018-01-25,153.9389
2018-01-26,153.7388
2018-01-29,153.7329
2018-01-30,153.7682
2018-02-01,153.9449
2018-02-02,154.1543
2018-02-06,154.2579
2018-02-07,154.5527
2018-02-08,154.5862
2018-02-09,154.4876
2018-02-12,154.3075
2018-02-14,154.7384
2018-02-15,155.5955
2018-02-16,155.3239
2018-02-19,155.0773
2018-02-20,155.2901
2018-02-21,155.3787
2018-02-22,155.3944
2018-02-23,155.2255
2018-02-26,155.2474
2018-02-27,155.0075
2018-02-28,154.8718
2018-03-02,154.978
2018-03-05,155.2269
2018-03-06,155.1488
2018-03-07,155.0849
2018-03-08,155.2665
2018-03-09,155.5392
2018-03-12,155.478
2018-03-13,155.6067
2018-03-14,155.7566
2018-03-15,155.8155
2018-03-16,155.9768
2018-03-19,156.0808
2018-03-20,156.1535
2018-03-21,156.1578
2018-03-22,155.9482
2018-03-23,156.0539
2018-03-26,156.1428
2018-03-27,156.1261
2018-03-28,156.0632
2018-03-29,155.9725
2018-04-02,155.8286
2018-04-03,155.3218
2018-04-04,155.4869
2018-04-05,156.0464
2018-04-06,155.5234
2018-04-09,155.5327
2018-04-10,155.5146
2018-04-11,155.5679
2018-04-12,155.7097
2018-04-16,155.7456
2018-04-17,155.9267
2018-04-18,156.3307
2018-04-19,156.422
2018-04-20,156.2545
2018-04-23,156.3441
2018-04-24,156.7727
2018-04-25,157.1356
2018-04-26,157.4628
2018-04-27,157.6459
2018-05-01,157.4737
2018-05-02,157.7642
2018-05-03,157.7781
2018-05-04,157.8326
2018-05-08,157.7261
2018-05-09,157.5276
2018-05-10,157.7914
2018-05-11,157.8791
2018-05-14,157.8822
2018-05-15,157.9215
2018-05-16,158.0362
2018-05-17,158.5077
2018-05-18,158.0664
2018-05-21,157.8118
2018-05-22,157.8376
2018-05-23,157.8943
2018-05-24,157.9682
2018-05-25,158.0561
2018-05-28,158.0433
2018-05-30,157.9986
2018-05-31,158.09
2018-06-01,158.1255
2018-06-04,158.5905
2018-06-05,158.5126
2018-06-06,158.5708
2018-06-07,158.636
2018-06-08,158.8323
2018-06-11,158.9143
2018-06-12,159.1135
2018-06-13,159.6587
2018-06-14,159.6003
2018-06-18,159.8809
2018-06-19,159.8239
2018-06-20,159.8939
2018-06-21,160.0279
2018-06-22,159.6106
2018-06-25,158.9913
2018-06-26,158.6426
2018-06-28,158.6676
2018-06-29,158.2569
2018-07-02,158.3634
2018-07-03,158.4435
2018-07-04,158.4355
2018-07-05,158.5859
2018-07-06,158.8105
2018-07-09,159.0784
2018-07-10,159.2333
2018-07-11,159.3281
2018-07-12,159.3652
2018-07-13,159.3721
2018-07-16,159.4635
2018-07-17,159.82
2018-07-18,159.8951
2018-07-19,160.01
2018-07-20,159.9869
2018-07-23,160.0312
2018-07-24,159.5204
2018-07-25,159.4795
2018-07-26,159.5434
2018-07-30,159.612
2018-07-31,159.7087
2018-08-01,159.7491
2018-08-02,159.5855
2018-08-03,159.6628
2018-08-06,159.8111
2018-08-07,159.859
2018-08-08,159.8027
2018-08-09,159.8744
2018-08-10,160.0374
2018-08-13,160.0429
2018-08-14,160.0946
2018-08-15,160.1096
2018-08-16,160.1768
2018-08-17,160.4394
2018-08-20,160.466
2018-08-21,160.596
2018-08-23,160.6166
2018-08-24,160.8
2018-08-27,160.8731
2018-08-28,161.0916
2018-08-29,161.2647
2018-08-30,161.3587
2018-08-31,161.473
2018-09-03,161.4909
2018-09-04,161.5684
2018-09-05,161.8671
2018-09-06,162.0424
2018-09-07,161.9807
2018-09-10,161.7706
2018-09-11,162.3613
2018-09-12,162.2853
2018-09-13,162.5011
2018-09-14,162.805
2018-09-17,163.1284
2018-09-18,164.4062
2018-09-19,165.6326
2018-09-20,166.4663
2018-09-21,168.0316
2018-09-25,168.642
2018-09-26,168.803
2018-09-27,168.8687
2018-09-28,169.2383
2018-10-01,169.2762
2018-10-02,169.1966
2018-10-03,169.2425
2018-10-04,169.5961
2018-10-05,170.0072
2018-10-08,170.2896
2018-10-09,170.6859
2018-10-10,170.9457
2018-10-11,171.3034
2018-10-12,171.3456
2018-10-15,170.9078
2018-10-16,170.3548
2018-10-17,170.9227
2018-10-18,170.9331
2018-10-19,171.2367
2018-10-22,171.6692
2018-10-23,172.1625
2018-10-25,172.7322
2018-10-26,172.8276
2018-10-29,172.9639
2018-10-30,173.9718
2018-10-31,174.3762
2018-11-01,175.3557
2018-11-02,174.4937
2018-11-05,174.342
2018-11-07,174.5314
2018-11-08,174.8183
2018-11-09,175.1377
2018-11-12,175.2614
2018-11-13,175.5942
2018-11-14,176.0527
2018-11-15,176.2254
2018-11-16,176.4816
2018-11-19,176.5966
2018-11-21,177.1682
2018-11-23,178.3986
2018-11-26,179.4631
2018-11-27,180.1114
2018-11-28,180.3916
2018-11-29,180.0474
2018-11-30,179.6722
2018-12-03,179.6165
2018-12-04,178.8232
2018-12-05,178.9267
2018-12-06,179.1033
2018-12-07,179.1104
2018-12-10,178.8155
2018-12-11,178.8981
2018-12-12,179.1527
2018-12-13,179.4668
2018-12-14,179.6566
2018-12-17,179.8685
2018-12-18,179.8466
2018-12-19,180.0312
2018-12-20,180.4
2018-12-21,180.7979
2018-12-24,181.2244
2018-12-26,181.472
2018-12-27,181.7208
2018-12-28,182.2783
2018-12-31,182.7499
2019-01-01,182.9113
2019-01-02,182.5464
2019-01-03,182.8568
2019-01-04,182.8783
2019-01-07,182.8278
2019-01-08,182.5069
2019-01-09,182.4676
2019-01-10,182.6258
2019-01-11,182.292
2019-01-14,181.8156
2019-01-16,182.2205
2019-01-17,182.385
2019-01-18,182.3121
2019-01-21,181.7405
2019-01-22,181.7506
2019-01-23,181.85
2019-01-24,182.263
2019-01-25,181.8987
2019-01-28,181.6262
2019-01-29,181.6271
2019-01-30,181.5259
2019-01-31,179.8821
2019-02-01,178.7208
2019-02-05,177.5497
2019-02-06,177.824
2019-02-07,178.0456
2019-02-08,177.5755
2019-02-11,177.9469
2019-02-12,177.7812
2019-02-13,178.2212
2019-02-14,178.5202
2019-02-15,178.6319
2019-02-18,178.7021
2019-02-20,179.6789
2019-02-21,179.6042
2019-02-22,179.5583
2019-02-25,179.482
2019-02-26,179.7118
2019-02-27,179.8414
2019-02-28,179.7994
2019-03-01,180.1021
2019-03-05,179.6806
2019-03-06,179.5852
2019-03-07,178.5012
2019-03-08,178.4507
2019-03-11,178.3794
2019-03-12,178.5096
2019-03-13,178.7689
2019-03-14,178.9307
2019-03-15,178.88
2019-03-18,178.7486
2019-03-19,178.408
2019-03-21,178.4624
2019-03-22,178.1267
2019-03-25,178.0969
2019-03-26,178.156
2019-03-27,177.8233
2019-03-28,176.4251
2019-03-29,176.13
2019-04-01,175.555
2019-04-02,174.7519
2019-04-03,174.5033
2019-04-04,174.6211
2019-04-05,174.7415
2019-04-08,174.844
2019-04-09,174.7209
2019-04-10,174.7282
2019-04-11,174.7157
2019-04-12,174.6648
2019-04-16,174.6152
2019-04-17,174.6477
2019-04-18,174.6659
2019-04-22,174.4335
2019-04-23,174.7604
2019-04-24,174.59
2019-04-25,174.7458
2019-04-26,175.0153
2019-04-29,175.24
2019-04-30,175.4635
2019-05-02,175.9381
2019-05-03,176.8017
2019-05-06,176.939
2019-05-07,177.62
2019-05-08,177.2202
2019-05-09,176.103
2019-05-10,175.529
2019-05-13,176.1648
2019-05-14,176.5361
2019-05-15,176.7966
2019-05-16,176.4147
2019-05-17,176.2791
2019-05-21,175.8892
2019-05-22,176.1838
2019-05-23,176.662
2019-05-24,176.6843
2019-05-27,176.4884
2019-05-28,176.1232
2019-05-29,176.3195
2019-05-30,176.2329
2019-05-31,176.4128
2019-06-03,176.4889
2019-06-04,176.5159
2019-06-06,176.4209
2019-06-07,176.4107
2019-06-10,176.4305
2019-06-11,176.4789
2019-06-12,176.4514
2019-06-13,176.4977
2019-06-14,176.6075
2019-06-17,176.7413
2019-06-18,176.8799
2019-06-19,176.8237
2019-06-20,176.765
2019-06-21,176.6842
2019-06-24,176.7773
2019-06-25,176.6818
2019-06-26,176.4128
2019-06-27,176.5776
2019-06-28,176.5424
2019-07-01,176.5246
2019-07-02,176.3296
2019-07-03,176.3445
2019-07-04,176.0964
2019-07-05,176.0788
2019-07-08,176.1646
2019-07-09,176.1689
2019-07-10,175.9131
2019-07-11,175.5204
2019-07-12,175.4623
2019-07-15,175.5101
2019-07-17,175.6066
2019-07-18,175.6897
2019-07-19,175.6818
2019-07-22,175.8185
2019-07-23,175.8648
2019-07-24,176.0787
2019-07-25,176.1681
2019-07-26,176.1621
2019-07-29,176.1722
2019-07-30,176.186
2019-07-31,176.242
2019-08-01,176.3463
2019-08-02,176.4103
2019-08-05,176.5943
2019-08-06,176.8192
2019-08-07,177.2986
2019-08-08,177.5744
2019-08-09,177.3123
2019-08-13,176.8472
2019-08-15,176.9031
2019-08-16,177.043
2019-08-19,177.0103
2019-08-20,177.3646
2019-08-21,177.7501
2019-08-22,178.3839
2019-08-23,179.4669
2019-08-26,179.9776
2019-08-27,179.8292
2019-08-28,179.6824
2019-08-29,180.0718
2019-08-30,180.7243
2019-09-02,180.0171
2019-09-03,179.6846
2019-09-04,180.2128
2019-09-05,180.5399
2019-09-06,180.6611
2019-09-09,180.8506
2019-09-10,180.5674
2019-09-11,180.3981
2019-09-12,180.3541
2019-09-16,180.3466
2019-09-17,180.4781
2019-09-18,180.6267
2019-09-19,180.8088
2019-09-20,180.9846
2019-09-23,181.0995
2019-09-24,181.2799
2019-09-25,181.4365
2019-09-26,181.4791
2019-09-27,181.7509
2019-09-30,181.9272
2019-10-01,181.9427
2019-10-02,182.3272
2019-10-03,182.119
2019-10-04,181.6494
2019-10-07,181.457
2019-10-08,181.0633
2019-10-09,180.6316
2019-10-10,180.4535
2019-10-11,180.6293
2019-10-14,180.6777
2019-10-15,180.7469
2019-10-16,181.7571
2019-10-17,181.8746
2019-10-18,182.0273
2019-10-21,181.9793
2019-10-22,181.8116
2019-10-23,181.6278
2019-10-24,181.4849
2019-10-25,181.1849
2019-10-28,181.3109
2019-10-29,181.4573
2019-10-30,181.5614
2019-10-31,181.6011
2019-11-01,181.3352
2019-11-04,181.2844
2019-11-05,180.7581
2019-11-06,180.0088
2019-11-07,180.5518
2019-11-08,180.9083
2019-11-13,180.6983
2019-11-14,180.1982
2019-11-15,180.2548
2019-11-18,180.2128
2019-11-19,179.9096
2019-11-20,179.2694
2019-11-21,179.1466
2019-11-22,179.4674
2019-11-25,179.9723
2019-11-26,180.491
2019-11-27,181.1855
2019-11-28,181.001
2019-11-29,180.4323
2019-12-02,180.8879
2019-12-03,180.9742
2019-12-04,181.4671
2019-12-05,181.3196
2019-12-06,181.2836
2019-12-09,181.4231
2019-12-10,181.2534
2019-12-12,181.1914
2019-12-13,180.8635
2019-12-16,181.0586
2019-12-17,181.2795
2019-12-18,181.1156
2019-12-19,181.1935
2019-12-20,181.3295
2019-12-23,181.3806
2019-12-24,181.294
2019-12-26,181.3985
2019-12-27,181.3709
2019-12-30,181.3597
2019-12-31,181.634
2020-01-01,181.5011
2020-01-02,181.028
2020-01-03,181.3687
2020-01-06,181.3198
2020-01-07,181.4523
2020-01-08,181.3102
2020-01-09,181.4217
2020-01-13,181.4054
2020-01-14,181.3012
2020-01-16,181.5279
2020-01-17,181.3814
2020-01-20,181.3097
2020-01-21,181.3382
2020-01-22,181.3344
2020-01-23,181.4718
2020-01-24,181.4156
2020-01-27,181.4427
2020-01-28,181.5275
2020-01-29,181.5348
2020-01-30,181.4984
2020-01-31,181.5857
2020-02-03,181.4017
2020-02-05,181.4781
2020-02-06,181.3973
2020-02-07,181.3408
2020-02-10,181.3709
2020-02-11,181.4241
2020-02-12,181.424
2020-02-13,181.4481
2020-02-14,181.4571
2020-02-17,181.4757
2020-02-18,181.5334
2020-02-19,181.6199
2020-02-20,181.8976
2020-02-24,181.8423
2020-02-25,181.7795
2020-02-26,181.7458
2020-02-27,181.687
2020-02-28,181.8071
2020-03-02,181.9261
2020-03-03,182.0821
2020-03-04,182.1086
2020-03-05,182.0347
2020-03-06,181.9223
2020-03-10,181.8312
2020-03-11,182.4495
2020-03-12,182.4348
2020-03-13,182.8203
2020-03-17,183.6968
2020-03-18,185.0854
2020-03-19,184.9298
2020-03-20,186.9384
2020-03-23,187.0
2020-03-24,187.0
2020-03-25,189.25
2020-03-26,189.25
2020-03-27,189.25
2020-03-30,190.5
2020-03-31,188.6236
2020-04-01,190.1563
2020-04-02,190.0
2020-04-03,191.0
2020-04-06,194.8023
2020-04-08,198.4216
2020-04-09,199.7543
2020-04-15,192.9366
2020-04-16,191.6919
2020-04-17,192.6776
2020-04-20,191.7233
2020-04-21,194.8458
2020-04-22,192.6909
2020-04-23,192.72
2020-04-24,192.0
2020-04-27,192.0
2020-04-28,192.5
2020-04-29,192.7667
2020-04-30,192.85
2020-05-04,191.9692
2020-05-05,190.1281
2020-05-06,188.952
2020-05-11,188.3479
2020-05-12,188.1075
2020-05-13,188.4262
2020-05-14,188.1954
2020-05-15,188.0186
2020-05-18,187.9868
2020-05-19,187.59
2020-05-20,187.6121
2020-05-21,187.2876
2020-05-22,186.9062
2020-05-26,185.6954
2020-05-27,186.081
2020-05-28,186.1153
2020-05-29,186.2865
2020-06-01,186.1456
2020-06-02,186.1136
2020-06-03,185.8628
2020-06-04,185.7939
2020-06-08,185.4808
2020-06-09,185.0714
2020-06-10,185.0856
2020-06-11,185.1107
2020-06-12,185.1677
2020-06-15,185.1799
2020-06-16,185.6585
2020-06-17,185.9544
2020-06-18,186.6082
2020-06-19,186.5611
2020-06-22,186.5972
2020-06-23,186.603
2020-06-24,186.6693
2020-06-25,186.5942
2020-06-26,186.44
2020-06-29,186.1179
2020-06-30,186.2292
2020-07-01,186.2067
2020-07-02,186.2482
2020-07-03,186.0915
2020-07-06,185.9691
2020-07-07,185.8686
2020-07-08,185.8464
2020-07-09,185.8278
2020-07-10,185.7142
2020-07-13,185.8664
2020-07-14,185.9109
2020-07-15,185.8384
2020-07-16,185.8084
2020-07-17,185.8043
2020-07-20,185.7792
2020-07-21,185.7477
2020-07-22,185.776
2020-07-23,185.7909
2020-07-24,185.7495
2020-07-27,185.7681
2020-07-28,185.7498
2020-07-29,185.7586
2020-07-30,185.7224
2020-07-31,185.6769
2020-08-04,185.6137
2020-08-05,185.5532
2020-08-06,185.5025
2020-08-07,185.4435
2020-08-10,185.3294
2020-08-11,184.8127
2020-08-12,184.2772
2020-08-13,183.4614
2020-08-14,182.645
2020-08-17,182.8155
2020-08-18,183.3052
2020-08-19,184.0783
2020-08-20,185.2732
2020-08-21,186.0642
2020-08-24,184.1213
2020-08-25,184.7242
2020-08-26,186.1231
2020-08-27,186.3253
2020-08-28,186.2504
2020-08-31,186.1578
2020-09-02,186.1004
2020-09-03,185.4189
2020-09-04,185.2317
2020-09-07,185.2125
2020-09-08,184.7814
2020-09-09,184.3959
2020-09-10,184.3531
2020-09-11,184.736
2020-09-14,184.5487
2020-09-15,184.2087
2020-09-16,184.4109
2020-09-17,184.8888
2020-09-18,184.9621
2020-09-21,185.3935
2020-09-22,185.5337
2020-09-23,185.3808
2020-09-24,185.0959
2020-09-25,185.0175
2020-09-28,185.1969
2020-09-29,185.2765
2020-09-30,185.5224
2020-10-02,184.9467
2020-10-05,184.5675
2020-10-06,184.7631
2020-10-07,184.7127
2020-10-08,184.4723
2020-10-09,184.1916
2020-10-12,184.1909
2020-10-13,184.1919
2020-10-14,184.2721
2020-10-15,184.6039
2020-10-16,184.6942
2020-10-19,184.3203
2020-10-20,184.3122
2020-10-21,184.4198
2020-10-22,184.3514
2020-10-23,184.3012
2020-10-26,184.5397
2020-10-27,184.3315
2020-10-28,184.2983
2020-10-29,184.2769
2020-11-02,184.2938
2020-11-03,184.4256
2020-11-04,184.431
2020-11-05,184.3855
2020-11-06,184.437
2020-11-09,184.4664
2020-11-10,184.6113
2020-11-11,184.5183
2020-11-12,184.5985
2020-11-13,184.6036
2020-11-16,184.6106
2020-11-17,185.0098
2020-11-18,184.9
2020-11-19,184.9321
2020-11-20,184.6405
2020-11-23,185.1174
2020-11-24,185.4844
2020-11-25,185.4
2020-11-26,185.5071
2020-11-27,185.2192
2020-11-30,184.9601
2020-12-01,185.8
2020-12-02,185.6
2020-12-03,186.8761
2020-12-04,186.5279
2020-12-07,185.4773
2020-12-08,186.2349
2020-12-09,186.1692
2020-12-10,185.9231
2020-12-11,185.9087
2020-12-14,186.02
2020-12-15,186.7323
2020-12-16,187.8877
2020-12-17,188.0686
2020-12-18,187.878
2020-12-21,187.86
2020-12-22,187.7
2020-12-23,189.2842
2020-12-24,190.2188
2020-12-28,190.2846
2020-12-30,187.9667
2020-12-31,186.4082
2021-01-01,185.3906
2021-01-04,185.275
2021-01-05,185.0
2021-01-06,185.0
2021-01-07,185.0
2021-01-08,185.5
2021-01-11,187.5251
2021-01-12,187.0
2021-01-13,186.994
2021-01-15,191.0367
2021-01-18,192.7447
2021-01-19,193.6458
2021-01-20,194.798
2021-01-21,194.798
2021-01-22,196.425
2021-01-25,196.8017
2021-01-26,196.1519
2021-01-27,195.863
2021-01-29,194.3948
2021-02-01,190.9824
2021-02-02,192.5656
2021-02-03,194.0008
2021-02-05,194.4118
2021-02-08,193.7369
2021-02-09,194.358
2021-02-10,194.309
2021-02-11,194.5
2021-02-12,194.625
2021-02-15,193.9717
2021-02-16,193.9717
2021-02-17,194.958
2021-02-18,194.85
2021-02-19,194.85
2021-02-22,194.8257
2021-02-23,194.2126
2021-02-24,194.056
2021-02-25,194.0119
2021-03-01,194.0149
2021-03-02,194.5
2021-03-03,195.6288
2021-03-04,195.2692
2021-03-05,195.3636
2021-03-08,195.5
2021-03-09,195.5
2021-03-10,195.9905
2021-03-12,196.5333
2021-03-15,196.0383
2021-03-16,196.775
2021-03-17,198.4945
2021-03-18,197.45
2021-03-19,199.2803
2021-03-22,197.4667
2021-03-23,197.7692
2021-03-24,198.953
2021-03-25,198.0
2021-03-26,198.445
2021-03-29,198.1705
2021-03-30,199.4353
2021-03-31,199.0377
2021-04-01,199.2153
2021-04-05,199.375
2021-04-06,199.75
2021-04-07,199.005
2021-04-08,200.0184
2021-04-09,199.8744
2021-04-12,199.91
2021-04-15,200.0
2021-04-16,199.9346
2021-04-19,194.4485
2021-04-20,191.9721
2021-04-21,191.881
2021-04-22,192.0
2021-04-23,191.9368
2021-04-27,197.5
2021-04-28,197.5
2021-04-29,199.75
2021-04-30,199.5437
2021-05-03,199.2275
2021-05-04,199.6915
2021-05-05,199.5872
2021-05-06,199.5887
2021-05-07,199.5155
2021-05-10,199.5062
2021-05-11,199.5817
2021-05-12,199.5695
2021-05-13,199.5
2021-05-17,199.5
2021-05-18,199.7873
2021-05-19,199.6716
2021-05-20,199.6625
2021-05-21,199.9
2021-05-24,199.6668
2021-05-25,199.5057
2021-05-28,199.5632
2021-05-31,199.5
2021-06-01,199.5
2021-06-02,199.5
2021-06-03,199.5342
2021-06-04,199.6853
2021-06-07,199.6853
2021-06-08,199.695
2021-06-09,199.825
2021-06-10,199.6761
2021-06-11,199.7609
2021-06-14,199.8891
2021-06-15,199.5
2021-06-16,199.7238
2021-06-17,199.8643
2021-06-18,199.8265
2021-06-21,199.8743
2021-06-22,199.9083
2021-06-23,199.8938
2021-06-25,199.8664
2021-06-28,199.8904
2021-06-29,199.9005
2021-06-30,201.1381
2021-07-01,200.78
2021-07-02,200.5222
2021-07-05,199.9079
2021-07-06,199.9
2021-07-07,199.9
2021-07-08,199.9
2021-07-09,199.9
2021-07-12,199.9056
2021-07-13,199.9
2021-07-14,199.9
2021-07-15,199.8998
2021-07-16,199.9
2021-07-19,199.8942
2021-07-20,199.9019
2021-07-22,199.9
2021-07-26,199.9329
2021-07-27,199.9076
2021-07-28,199.9
2021-07-29,199.9033
2021-07-30,199.9
2021-08-02,199.9
2021-08-03,199.9
2021-08-04,199.9
2021-08-05,199.9
2021-08-06,199.9
2021-08-09,199.9075
2021-08-10,199.9
2021-08-11,199.916
2021-08-12,199.916
2021-08-13,199.916
2021-08-16,199.98
2021-08-17,199.9217
2021-08-18,199.9
2021-08-19,199.9
2021-08-20,199.9
2021-08-23,199.9
2021-08-24,199.9
2021-08-25,199.9
2021-08-26,199.95
2021-08-27,200.0
2021-08-30,202.6164
2021-08-31,210.0
2021-09-01,210.0
2021-09-02,210.0
2021-09-03,207.3455
2021-09-06,207.3455
2021-09-07,207.3455
2021-09-08,199.95
2021-09-09,199.9815
2021-09-10,200.0
2021-09-13,200.0
2021-09-14,200.0
2021-09-15,200.0
2021-09-16,200.0063
2021-09-17,200.0
2021-09-21,199.933
2021-09-22,199.6314
2021-09-23,199.9
2021-09-24,200.2591
2021-09-27,200.0
2021-09-28,200.0335
2021-09-29,199.9857
2021-09-30,199.9857
2021-10-01,200.6959
2021-10-04,200.14
2021-10-05,200.0
2021-10-06,200.06
2021-10-07,200.035
2021-10-08,202.98
2021-10-11,202.4
2021-10-12,202.4
2021-10-13,200.0
2021-10-14,200.0018
2021-10-15,201.25
2021-10-18,200.093
2021-10-21,200.5117
2021-10-22,201.0455
2021-10-25,201.9836
2021-10-26,203.0
2021-10-27,202.2092
2021-10-28,200.0311
2021-10-29,201.8705
2021-11-01,201.95
2021-11-02,202.4998
2021-11-03,202.5566
2021-11-05,202.6244
2021-11-08,200.3103
2021-11-09,202.0549
2021-11-10,202.3848
2021-11-11,201.4145
2021-11-12,202.3478
2021-11-15,202.05
2021-11-16,202.05
2021-11-17,201.3428
2021-11-19,202.192
2021-11-22,202.2
2021-11-23,202.4167
2021-11-24,200.7778
2021-11-25,200.9721
2021-11-26,201.2131
2021-11-29,201.7582
2021-11-30,202.0474
2021-12-01,202.0474
2021-12-02,201.9333
2021-12-03,200.4453
2021-12-06,202.25
2021-12-07,200.01
2021-12-08,201.5945
2021-12-09,201.2222
2021-12-10,201.0603
2021-12-13,201.3297
2021-12-14,201.873
2021-12-15,201.873
2021-12-16,200.6717
2021-12-17,201.5384
2021-12-20,203.0
2021-12-21,201.51
2021-12-22,201.3214
2021-12-23,200.7232
2021-12-24,200.918
2021-12-27,200.918
2021-12-28,201.5032
2021-12-29,201.0
2021-12-30,203.0
2021-12-31,200.4338
2022-01-03,200.4338
2022-01-04,200.0
2022-01-05,201.7081
2022-01-06,201.048
2022-01-07,201.3347
2022-01-10,201.9011
2022-01-11,200.945
2022-01-12,200.9798
2022-01-13,201.7844
2022-01-18,201.9442
2022-01-19,201.9442
2022-01-20,201.053
2022-01-21,202.75
2022-01-24,202.0
2022-01-25,202.0323
2022-01-26,201.5882
2022-01-27,202.0
2022-01-28,201.191
2022-01-31,201.191
2022-02-01,201.97
2022-02-02,201.4205
2022-02-03,201.5833
2022-02-07,202.0
2022-02-08,202.4091
2022-02-09,202.0659
2022-02-10,201.9637
2022-02-11,202.0
2022-02-14,201.0142
2022-02-15,201.0
2022-02-17,202.0123
2022-02-18,202.1141
2022-02-21,201.9298
2022-02-22,202.0
2022-02-23,201.1908
2022-02-24,201.1908
2022-02-25,202.33
2022-02-28,201.0571
2022-03-02,201.8979
2022-03-03,202.0
2022-03-04,201.6305
2022-03-07,202.04
2022-03-08,202.0909
2022-03-09,229.5
2022-03-10,229.3358
2022-03-11,251.9685
2022-03-14,251.9685
2022-03-15,263.33
2022-03-16,267.8621
2022-03-18,267.8769
2022-03-21,275.0
2022-03-22,280.0
2022-03-23,280.42
2022-03-24,280.0
2022-03-25,290.0
2022-03-28,294.9843
2022-03-29,294.9843
2022-03-30,306.0796
2022-03-31,299.0
2022-04-01,299.0
2022-04-04,310.8571
2022-04-05,307.7891
2022-04-06,307.7891
2022-04-07,299.8125
2022-04-08,299.0
2022-04-11,311.675
2022-04-12,313.67
2022-04-18,313.67
2022-04-19,310.0
2022-04-20,310.0
2022-04-21,335.0
2022-04-22,334.8
2022-04-25,334.8
2022-04-26,340.465
2022-04-27,337.9
2022-04-28,341.85
2022-04-29,341.85
2022-05-04,340.0
2022-05-05,349.9
2022-05-06,358.5686
2022-05-09,364.76
2022-05-10,364.76
2022-05-11,364.76
2022-05-12,360.0
2022-05-13,360.0
2022-05-17,359.75
2022-05-18,359.65
2022-05-19,359.55
2022-05-20,359.475
2022-05-23,359.4373
2022-05-24,359.3764
2022-05-25,359.3764
2022-05-26,359.7079
2022-05-27,359.25
2022-05-30,360.76
2022-05-31,360.76
2022-06-01,360.1114
2022-06-02,360.6
2022-06-03,360.3
2022-06-06,360.2773
2022-06-07,360.2773
2022-06-08,360.0255
2022-06-09,360.0255
2022-06-10,359.8
2022-06-13,359.8338
2022-06-15,359.85
2022-06-16,359.85
2022-06-17,359.75
2022-06-20,360.75
2022-06-21,361.75
2022-06-22,360.9
2022-06-23,360.9
2022-06-24,360.3
2022-06-27,360.3
2022-06-28,359.9
2022-06-29,359.72
2022-06-30,359.8782
2022-07-01,359.55
2022-07-04,359.7941
2022-07-05,359.7941
2022-07-06,359.8167
2022-07-07,360.82
2022-07-08,360.3497
2022-07-11,361.35
2022-07-12,360.9048
2022-07-14,361.9
2022-07-15,361.24
2022-07-18,361.0331
2022-07-19,361.1657
2022-07-20,361.87
2022-07-21,361.67
2022-07-22,361.3
2022-07-25,361.09
2022-07-26,361.0
2022-07-27,361.0
2022-07-28,361.0
2022-07-29,360.8
2022-08-01,361.0
2022-08-02,361.0
2022-08-03,360.9254
2022-08-04,360.9254
2022-08-05,360.8
2022-08-08,360.8
2022-08-09,360.94
2022-08-10,360.94
2022-08-12,360.85
2022-08-15,360.92
2022-08-16,360.9733
2022-08-17,360.96
2022-08-18,360.9733
2022-08-19,361.0
2022-08-22,360.9467
2022-08-23,361.0
2022-08-24,361.0
2022-08-25,361.0
2022-08-26,361.4
2022-08-29,361.17
2022-08-30,361.29
2022-08-31,361.148
2022-09-01,361.0786
2022-09-02,361.45
2022-09-05,361.45
2022-09-06,361.45
2022-09-07,361.8056
2022-09-08,361.9
2022-09-09,362.0
2022-09-12,362.2
2022-09-13,362.2824
2022-09-14,362.45
2022-09-15,362.45
2022-09-16,362.9
2022-09-19,362.9
2022-09-20,362.9
2022-09-21,362.9
2022-09-22,362.9
2022-09-23,362.9
2022-09-26,362.9
2022-09-27,362.9
2022-09-28,362.9
2022-09-29,362.9
2022-09-30,362.9
2022-10-03,362.9
2022-10-04,362.9
2022-10-05,362.9
2022-10-06,362.9
2022-10-07,362.9
2022-10-11,362.9
2022-10-12,362.9
2022-10-13,362.9
2022-10-14,363.14
2022-10-17,363.38
2022-10-18,363.38
2022-10-19,363.38
2022-10-20,363.38
2022-10-21,363.38
2022-10-25,363.38
2022-10-26,363.3
2022-10-27,363.3
2022-10-28,363.3
2022-10-31,363.3
2022-11-01,363.3
2022-11-02,363.3
2022-11-03,363.3
2022-11-04,363.5
2022-11-08,363.5
2022-11-09,363.5
2022-11-10,363.5
2022-11-11,363.5
2022-11-14,363.5
2022-11-15,363.5
2022-11-16,363.5
2022-11-17,363.5
2022-11-18,363.5
2022-11-21,363.5
2022-11-22,363.5
2022-11-23,363.5
2022-11-24,363.5
2022-11-25,363.0
2022-11-28,363.0
2022-11-29,363.1875
2022-11-30,363.1875
2022-12-01,363.19
2022-12-02,363.19
2022-12-05,363.1767
2022-12-06,363.18
2022-12-08,363.18
2022-12-09,363.18
2022-12-12,363.18
2022-12-13,363.18
2022-12-14,363.18
2022-12-15,363.18
2022-12-16,363.18
2022-12-19,363.18
2022-12-20,363.1612
2022-12-21,363.16
2022-12-22,363.16
2022-12-23,363.1733
2022-12-27,363.1
2022-12-28,363.1326
2022-12-29,363.13
2022-12-30,363.11
2023-01-02,363.11
2023-01-03,363.11
2023-01-04,363.11
2023-01-05,363.11
2023-01-09,363.0917
2023-01-10,362.2446
2023-01-11,362.24
2023-01-12,362.24
2023-01-13,362.24
2023-01-17,362.24
2023-01-18,362.24
2023-01-19,362.2698
2023-01-20,362.1694
2023-01-23,362.16
2023-01-24,362.16
2023-01-25,362.16
2023-01-26,362.14
2023-01-27,362.14
2023-01-30,362.14
2023-01-31,362.14
2023-02-01,362.14
2023-02-02,362.14
2023-02-03,361.9686
2023-02-06,361.9589
2023-02-07,361.96
2023-02-08,361.96
2023-02-09,361.9226
2023-02-10,361.9226
2023-02-13,361.92
2023-02-14,361.92
2023-02-15,361.92
2023-02-16,361.92
2023-02-17,361.92
2023-02-20,361.92
2023-02-21,361.92
2023-02-22,361.6615
2023-02-23,361.66
2023-02-24,362.668
2023-02-27,362.4983
2023-02-28,361.6318
2023-03-01,358.4593
2023-03-02,353.6543
2023-03-03,346.1724
2023-03-07,337.6693
2023-03-08,326.6337
2023-03-09,319.5585
2023-03-10,318.633
2023-03-13,319.105
2023-03-14,322.9615
2023-03-15,327.0617
2023-03-16,337.2877
2023-03-17,336.8
2023-03-20,335.2842
2023-03-21,335.0815
2023-03-22,321.8906
2023-03-23,317.3116
2023-03-24,318.6334
2023-03-27,320.5985
2023-03-28,319.9778
2023-03-29,322.6667
2023-03-30,325.6324
2023-03-31,327.2857
2023-04-03,327.5
2023-04-04,323.7837
2023-04-06,321.1748
2023-04-10,319.9741
2023-04-11,319.833
2023-04-12,319.85
2023-04-17,319.5718
2023-04-18,319.9261
2023-04-19,320.83
2023-04-20,320.7155
2023-04-21,321.1373
2023-04-24,321.6512
2023-04-25,321.8
2023-04-26,321.7598
2023-04-27,321.6324
2023-04-28,321.65
2023-05-02,321.4389
2023-05-03,320.9014
2023-05-04,319.9665
2023-05-08,319.4428
2023-05-09,318.5233
2023-05-10,318.0867
2023-05-11,316.6797
2023-05-12,313.654
2023-05-15,313.2454
2023-05-16,312.639
2023-05-17,310.4042
2023-05-18,307.3664
2023-05-19,305.7839
2023-05-22,307.0783
2023-05-23,305.8837
2023-05-24,304.707
2023-05-25,303.2681
2023-05-26,303.05
2023-05-29,299.1118
2023-05-30,296.6888
2023-05-31,295.5211
2023-06-01,292.4557
2023-06-02,292.2778
2023-06-05,292.3145
2023-06-06,291.5413
2023-06-07,291.2115
2023-06-08,290.9686
2023-06-09,293.2079
2023-06-12,296.2449
2023-06-13,300.4257
2023-06-14,303.2095
2023-06-15,308.4828
2023-06-16,313.8245
2023-06-19,309.2
2023-06-20,305.9231
2023-06-21,306.125
2023-06-22,306.9052
2023-06-23,306.9543
2023-06-26,307.0
2023-06-27,308.1212
2023-06-28,308.83
2023-07-04,308.1162
2023-07-05,306.2611
2023-07-06,306.9852
2023-07-07,308.1957
2023-07-10,311.5068
2023-07-11,312.7857
2023-07-12,313.9049
2023-07-13,314.5869
2023-07-14,316.3556
2023-07-17,319.1206
2023-07-18,322.8065
2023-07-19,322.5265
2023-07-20,324.25
2023-07-21,325.2204
2023-07-24,326.75
2023-07-25,329.0
2023-07-26,329.4167
2023-07-27,329.3811
2023-07-28,329.2804
2023-07-31,329.3566
2023-08-02,324.6497
2023-08-03,314.0972
2023-08-04,318.4438
2023-08-07,318.4438
2023-08-08,321.496
2023-08-09,321.0833
2023-08-10,320.2591
2023-08-11,320.0006
2023-08-14,319.9817
2023-08-15,320.9366
2023-08-16,321.1804
2023-08-17,321.0863
2023-08-18,321.8596
2023-08-21,323.2519
2023-08-22,323.935
2023-08-23,323.935
2023-08-24,323.9704
2023-08-25,324.05
2023-08-28,323.8714
2023-08-29,323.9093
2023-08-31,322.6634
2023-09-01,319.6472
2023-09-04,319.257
2023-09-05,320.3778
2023-09-06,321.9978
2023-09-07,321.995
2023-09-08,322.3871
2023-09-11,321.6556
2023-09-12,322.2833
2023-09-13,322.3823
2023-09-14,323.3778
2023-09-15,323.3731
2023-09-18,323.375
2023-09-19,323.7088
2023-09-20,324.0
2023-09-21,324.7013
2023-09-22,324.6121
2023-09-25,324.4375
2023-09-26,324.5999
2023-09-27,324.4478
2023-10-02,323.5166
2023-10-03,323.8
2023-10-04,323.7654
2023-10-05,323.7722
2023-10-06,323.6946
2023-10-09,323.6117
2023-10-10,323.6026
2023-10-11,323.8082
2023-10-12,323.848
2023-10-13,323.7977
2023-10-16,323.86
2023-10-17,323.9143
2023-10-18,324.1357
2023-10-19,324.38
2023-10-20,324.9747
2023-10-23,325.0
2023-10-24,325.9017
2023-10-25,327.1063
2023-10-26,326.5647
2023-10-27,326.5
2023-10-30,327.13
2023-10-31,327.3817
2023-11-01,327.6173
2023-11-02,328.0343
2023-11-03,329.0615
2023-11-06,328.9773
2023-11-07,327.736
2023-11-08,327.1236
2023-11-09,328.41
2023-11-10,328.461
2023-11-13,327.193
2023-11-14,326.894
2023-11-15,327.3643
2023-11-16,328.6449
2023-11-17,328.0732
2023-11-20,327.9164
2023-11-21,328.0918
2023-11-22,328.3919
2023-11-23,328.4842
2023-11-24,328.7214
2023-11-27,328.7498
2023-11-28,329.0036
2023-11-29,329.509
2023-11-30,329.0423
2023-12-01,327.5552
2023-12-04,327.9839
2023-12-05,328.0314
2023-12-06,328.0175
2023-12-07,327.1342
2023-12-08,326.59
2023-12-11,326.9314
2023-12-12,327.1808
2023-12-13,327.0966
2023-12-14,326.7793
2023-12-15,326.7231
2023-12-18,326.9856
2023-12-19,326.9249
2023-12-20,326.9605
2023-12-21,326.9669
2023-12-22,326.3519
2023-12-27,325.7409
2023-12-28,324.2268
2023-12-29,323.9233
2024-01-01,323.9902
2024-01-02,323.1861
2024-01-03,321.12
2024-01-04,322.2375
2024-01-05,322.4275
2024-01-08,322.4406
2024-01-09,322.4136
2024-01-10,322.6356
2024-01-11,322.83
2024-01-12,322.6884
2024-01-16,322.2038
2024-01-17,321.7534
2024-01-18,321.2243
2024-01-19,320.8826
2024-01-22,320.5246
2024-01-23,320.0536
2024-01-24,319.9412
2024-01-26,319.1591
2024-01-29,317.5185
2024-01-30,317.9432
2024-01-31,317.4089
2024-02-01,316.1275
2024-02-02,314.0218
2024-02-05,311.4132
2024-02-06,312.2364
2024-02-07,314.0343
2024-02-08,313.2212
2024-02-09,313.5869
2024-02-12,313.0338
2024-02-13,313.2487
2024-02-14,313.4241
2024-02-15,313.1705
2024-02-16,312.8934
2024-02-19,312.4391
2024-02-20,312.2604
2024-02-21,312.0305
2024-02-22,311.6802
2024-02-26,311.1185
2024-02-27,310.7593
2024-02-28,310.7494
2024-02-29,310.1532
2024-03-01,309.8946
2024-03-04,309.1297
2024-03-05,308.1077
2024-03-06,307.9685
2024-03-07,307.8186
2024-03-11,307.5613
2024-03-12,307.0298
2024-03-13,306.5707
2024-03-14,306.2613
2024-03-15,305.6448
2024-03-18,305.2394
2024-03-19,304.637
2024-03-20,303.9755
2024-03-21,304.3412
2024-03-22,303.9446
2024-03-25,303.5486
2024-03-26,302.751
2024-03-27,302.0263
2024-03-28,301.1837
2024-04-01,300.4081
2024-04-02,300.1378
2024-04-03,299.9632
2024-04-04,299.8867
2024-04-05,299.8185
2024-04-08,299.3771
2024-04-09,298.9576
2024-04-10,298.6751
2024-04-15,298.4963
2024-04-16,298.9094
2024-04-17,299.8253
2024-04-18,300.9111
2024-04-19,301.2744
2024-04-22,302.0
2024-04-24,301.4613
2024-04-25,298.7161
2024-04-26,297.1631
2024-04-29,296.2033
2024-04-30,296.8561
2024-05-02,297.602
2024-05-03,296.7992
2024-05-06,297.1335
2024-05-07,297.7495
2024-05-08,299.6247
2024-05-09,298.7068
2024-05-10,298.6317
2024-05-13,298.7882
2024-05-14,299.8957
2024-05-15,300.834
2024-05-16,302.2475
2024-05-17,301.3081
2024-05-20,299.8755
2024-05-21,299.8265
2024-05-22,299.7458
2024-05-27,299.9863
2024-05-28,300.4217
2024-05-29,301.2717
2024-05-30,301.51
2024-05-31,301.8883
2024-06-03,301.8946
2024-06-04,301.9524
2024-06-05,302.1706
2024-06-06,302.2895
2024-06-07,302.7081
2024-06-10,302.6971
2024-06-11,303.031
2024-06-12,303.4547
2024-06-13,303.738
2024-06-14,303.8309
2024-06-18,303.95
2024-06-19,304.4205
2024-06-20,305.2787
2024-06-24,305.4303
2024-06-25,305.3208
2024-06-26,305.4034
2024-06-27,305.3403
2024-06-28,305.7065
2024-07-01,306.0182
2024-07-02,305.8234
2024-07-03,303.5236
2024-07-04,304.0552
2024-07-05,304.5391
2024-07-08,304.8833
2024-07-09,304.4737
2024-07-10,304.2056
2024-07-11,303.7568
2024-07-12,303.3297
2024-07-15,302.1929
2024-07-16,301.4954
2024-07-17,303.3236
2024-07-18,303.8416
2024-07-19,303.9906
2024-07-22,303.6956
2024-07-23,303.7287
2024-07-24,303.8705
2024-07-25,303.5644
2024-07-26,303.62
2024-07-29,303.1957
2024-07-30,302.8885
2024-07-31,302.3706
2024-08-01,302.445
2024-08-02,302.4975
2024-08-05,302.0889
2024-08-06,302.2113
2024-08-07,302.3394
2024-08-08,301.8515
2024-08-09,301.2378
2024-08-12,300.4007
2024-08-13,299.6647
2024-08-14,299.228
2024-08-15,299.2783
2024-08-16,298.9042
2024-08-20,298.6809
2024-08-21,299.2525
2024-08-22,299.9863
2024-08-23,301.1343
2024-08-26,300.5002
2024-08-27,300.6037
2024-08-28,300.7178
2024-08-29,300.6837
2024-08-30,300.3276
2024-09-02,299.6011
2024-09-03,299.0072
2024-09-04,299.1715
2024-09-05,298.9385
2024-09-06,298.8696
2024-09-09,298.6949
2024-09-10,300.0746
2024-09-11,300.7295
2024-09-12,300.7654
2024-09-13,301.7977
2024-09-18,301.1969
2024-09-19,303.9177
2024-09-20,304.5504
2024-09-23,304.8847
2024-09-24,304.4214
2024-09-25,303.9075
2024-09-26,301.7592
2024-09-27,300.2152
2024-09-30,299.3565
2024-10-01,297.1955
2024-10-02,295.6217
2024-10-03,294.9272
2024-10-04,295.4684
2024-10-07,293.7819
2024-10-08,293.5476
2024-10-09,293.361
2024-10-10,292.9175
2024-10-11,293.1156
2024-10-14,292.8558
2024-10-15,292.8871
2024-10-16,293.6853
2024-10-18,292.9995
2024-10-21,292.8693
2024-10-22,293.0992
2024-10-23,293.2637
2024-10-24,293.2756
2024-10-25,293.6754
2024-10-28,293.6867
2024-10-29,293.5354
2024-10-30,293.7185
2024-11-01,293.4102
2024-11-04,292.9776
2024-11-05,293.0869
2024-11-06,293.1073
2024-11-07,292.9412
2024-11-08,292.6902
2024-11-11,292.6497
2024-11-12,292.594
2024-11-13,292.5977
2024-11-14,292.2986
2024-11-18,292.1947
2024-11-19,291.5886
2024-11-20,290.917
2024-11-21,290.9755
2024-11-22,290.9942
2024-11-25,290.9399
2024-11-26,291.0625
2024-11-27,291.1471
2024-11-28,291.0933
2024-11-29,290.9179
2024-12-02,290.6996
2024-12-03,290.6498
2024-12-04,290.5357
2024-12-05,290.5201
2024-12-06,290.4005
2024-12-09,290.3415
2024-12-10,290.3607
2024-12-11,290.3096
2024-12-12,290.2963
2024-12-13,290.2596
2024-12-16,290.323
2024-12-17,290.7605
2024-12-18,290.9406
2024-12-19,291.2826
2024-12-20,292.6811
2024-12-23,293.1667
2024-12-24,295.6109
2024-12-26,296.4816
2024-12-27,294.3343
2024-12-30,292.7528
2024-12-31,292.5833
2025-01-01,293.0027
2025-01-02,293.4147
2025-01-03,293.2654
2025-01-06,293.5577
2025-01-07,294.9314
2025-01-08,296.1507
2025-01-09,296.0915
2025-01-10,295.5931
2025-01-15,294.5963
2025-01-16,295.221
2025-01-17,296.5135
2025-01-20,296.6599
2025-01-21,296.8545
2025-01-22,297.4952
2025-01-23,298.6584
2025-01-24,298.8605
2025-01-27,298.411
2025-01-28,298.4691
2025-01-29,297.899
2025-01-30,296.5464
2025-01-31,297.5797
2025-02-03,297.6367
2025-02-05,299.1413
2025-02-06,298.9288
2025-02-07,298.4908
2025-02-10,297.6589
2025-02-11,297.5176
2025-02-13,297.0173
2025-02-14,296.556
2025-02-17,295.5232
2025-02-18,295.3468
2025-02-19,295.8921
2025-02-20,296.6271
2025-02-21,296.4754
2025-02-24,295.8829
2025-02-25,295.749
2025-02-27,295.7164
2025-02-28,295.4981
2025-03-03,295.368
2025-03-04,295.347
2025-03-05,295.2061
2025-03-06,295.2296
2025-03-07,295.5809
2025-03-10,295.468
2025-03-11,295.4696
2025-03-12,295.5014
2025-03-14,295.4196
2025-03-17,295.8118
2025-03-18,296.2915
2025-03-19,296.04
2025-03-20,296.2133
2025-03-21,296.6034
2025-03-24,296.5901
2025-03-25,296.7237
2025-03-26,296.6087
2025-03-27,296.4517
2025-03-28,296.3472
2025-04-01,296.3198
2025-04-02,296.1931
2025-04-03,296.0638
2025-04-04,296.8985
2025-04-07,296.7552
2025-04-08,297.5237
2025-04-09,298.6051
2025-04-10,301.2049
2025-04-11,298.8721
2025-04-16,298.138
2025-04-17,298.6186
2025-04-21,299.0786
2025-04-22,299.2328
2025-04-23,299.7194
2025-04-24,299.8285
2025-04-25,300.0608
2025-04-28,299.6968
2025-04-29,299.6612
2025-04-30,299.6218
2025-05-02,299.5698
2025-05-05,299.478
2025-05-06,299.5246
2025-05-07,299.4952
2025-05-08,299.4917
2025-05-09,299.2985
2025-05-14,298.9213
2025-05-15,298.6897
2025-05-16,298.5101
2025-05-19,298.8165
2025-05-20,299.547
2025-05-21,300.565
2025-05-22,299.8469
2025-05-23,299.4119
2025-05-26,299.336
2025-05-27,299.569
2025-05-28,299.6855
2025-05-29,299.6736
2025-05-30,299.4393
2025-06-02,299.4211
2025-06-03,299.5516
2025-06-04,299.5189
2025-06-05,299.3602
2025-06-06,299.2745
2025-06-09,299.1426
2025-06-11,299.1087
2025-06-12,298.9831
2025-06-13,299.0231
2025-06-16,299.4377
2025-06-17,300.7861
2025-06-18,300.8465
2025-06-19,300.7094
2025-06-20,300.6511
2025-06-23,300.4493
2025-06-24,301.1214
2025-06-25,300.4861
2025-06-26,300.2152
2025-06-27,299.9734
2025-06-30,299.9674
2025-07-01,299.9523
2025-07-02,300.0253
2025-07-03,299.9991
2025-07-04,300.0015
2025-07-07,300.2223
2025-07-08,300.5654
2025-07-09,300.9139
2025-07-11,300.7097
2025-07-14,300.7031
2025-07-15,300.9579
2025-07-16,300.955
2025-07-17,301.3045
2025-07-18,301.5145
2025-07-21,301.5995
2025-07-22,301.8496
2025-07-23,301.7347
2025-07-24,301.7688
2025-07-25,301.8293
2025-07-28,301.8716
2025-07-29,301.9502
2025-07-30,302.042
2025-07-31,302.2079
2025-08-01,302.1856
2025-08-04,301.6126
2025-08-05,301.0039
2025-08-06,300.9112
2025-08-07,300.766
2025-08-11,300.8113
2025-08-12,300.6705
2025-08-13,301.017
2025-08-14,300.9333
2025-08-15,301.0335
2025-08-18,301.1502
2025-08-19,301.1936
2025-08-20,301.5355
2025-08-21,301.8375
2025-08-22,301.8311
2025-08-25,301.9848
2025-08-26,302.2301
2025-08-27,302.302
2025-08-28,302.3261
2025-08-29,302.4465
2025-09-01,302.2931
2025-09-02,301.9727
2025-09-03,302.136
2025-09-04,302.136
2025-09-08,302.0218
2025-09-09,302.0123
2025-09-10,301.9019
2025-09-11,302.0173
2025-09-12,301.9126
2025-09-15,301.8134
2025-09-16,302.1169
2025-09-17,302.1078
2025-09-18,301.9777
2025-09-19,302.0652
2025-09-22,302.3706
2025-09-23,302.4124
2025-09-24,302.5314
2025-09-25,302.5733
2025-09-26,302.5248
2025-09-29,302.5988
2025-09-30,302.6097
2025-10-01,302.6158
2025-10-02,302.5171
2025-10-03,302.5219
2025-10-07,302.4794
2025-10-08,302.4906
2025-10-09,302.618
2025-10-10,302.7339
2025-10-13,302.6837
2025-10-14,302.602
2025-10-15,302.7268
2025-10-16,302.9654
2025-10-17,302.9869
2025-10-21,303.0311
2025-10-22,303.1106
2025-10-23,303.2568
2025-10-24,303.6082
2025-10-27,303.774
2025-10-28,304.0209
2025-10-29,304.2329
2025-10-30,304.3424
2025-10-31,304.4223
2025-11-03,304.4913
2025-11-04,304.5367
2025-11-06,304.6238
2025-11-07,304.9541
2025-11-10,304.9548
2025-11-11,304.391
2025-11-12,304.2775
2025-11-13,304.5194
2025-11-14,305.2173
2025-11-17,306.3737
2025-11-18,307.8955
2025-11-19,307.7857
2025-11-20,308.4745
2025-11-21,308.2526
2025-11-24,307.9781
2025-11-25,307.8585
2025-11-26,307.9064
2025-11-27,308.075
2025-11-28,308.0262
2025-12-01,308.071
2025-12-02,308.5126
2025-12-03,308.8268
2025-12-05,308.8479
2025-12-08,308.6553
2025-12-09,308.6083
2025-12-10,308.6494
2025-12-11,308.748
2025-12-12,309.0255
2025-12-15,309.1486
2025-12-16,309.2557
2025-12-17,309.5379
2025-12-18,309.6458
2025-12-19,309.7162
2025-12-22,309.5238
2025-12-23,309.5453
2025-12-24,309.658
2025-12-26,309.7074
2025-12-29,309.7101
2025-12-30,309.8309
2025-12-31,309.9944
2026-01-01,309.9809
2026-01-02,309.5365
2026-01-05,309.7548
2026-01-06,309.8535
2026-01-07,310.026
2026-01-08,310.1421
2026-01-09,309.7183
2026-01-12,309.3752
2026-01-13,309.0476
2026-01-14,309.1127
2026-01-16,309.3336
2026-01-19,309.6601
2026-01-20,309.7416
2026-01-21,309.8507
2026-01-22,309.6825
2026-01-23,309.7973
2026-01-26,309.8033
2026-01-27,309.5593
2026-01-28,309.6089
2026-01-29,309.6525
2026-01-30,309.4993
2026-02-02,309.2494
2026-02-03,309.4545
2026-02-05,309.5079
2026-02-06,309.4614
2026-02-09,309.3805
2026-02-10,309.449
2026-02-11,309.4591
2026-02-12,309.3864
2026-02-13,309.3532
2026-02-16,309.2053
2026-02-17,309.2197
2026-02-18,309.3161
2026-02-19,309.378
2026-02-20,309.3069
2026-02-23,309.3762
2026-02-24,309.3789
2026-02-25,309.3711
2026-02-26,309.3486
2026-02-27,309.3091
2026-03-03,309.2363
2026-03-04,310.1116
2026-03-05,310.295
2026-03-06,310.9029
2026-03-09,311.3373
2026-03-10,311.7288
2026-03-11,311.1244
2026-03-12,310.9475
2026-03-13,311.0653
2026-03-16,311.133
2026-03-17,311.3783
2026-03-18,311.3138
2026-03-19,311.3
2026-03-20,311.408
2026-03-23,311.7473
2026-03-24,312.964
2026-03-25,314.2167
2026-03-26,313.5091
2026-03-27,314.386
2026-03-30,314.8755
2026-03-31,315.1909
2026-04-02,315.21
2026-04-06,315.3833
2026-04-07,315.45
2026-04-08,315.4524
2026-04-09,315.2174
2026-04-10,315.55
2026-04-15,315.5893
2026-04-16,315.545
2026-04-17,315.7222
2026-04-20,316.44
2026-04-21,316.4443
2026-04-22,316.4625
2026-04-23,316.7792
2026-04-24,317.1708
2026-04-27,317.75
2026-04-28,317.9173
2026-04-29,318.6939
2026-04-30,319.3492
2026-05-04,319.9322
2026-05-05,319.5189
2026-05-06,319.7857
2026-05-07,320.4515
2026-05-08,321.6318
2026-05-11,321.8718
2026-05-12,322.028
2026-05-13,322.2773
2026-05-14,323.9586
2026-05-15,324.7184
2026-05-18,325.6208
2026-05-19,326.9212
2026-05-20,328.1968
2026-05-21,329.6367
2026-05-22,333.9925
2026-05-25,336.8818
2026-05-26,325.1144
2026-05-27,323.0195
2026-05-29,327.8205
2026-06-01,329.2241
2026-06-02,331.5775
2026-06-03,332.1604
2026-06-04,334.6149
2026-06-05,336.163
2026-06-08,336.3944
2026-06-09,336.8227
2026-06-10,337.6325
2026-06-11,330.9995
2026-06-12,333.3901
2026-06-15,336.1886
2026-06-16,331.589
2026-06-17,334.5835
2026-06-18,333.9788
2026-06-19,334.2827
2026-06-22,333.7646
2026-06-23,334.5438
2026-06-24,334.7745
2026-06-25,336.5667
2026-06-26,337.0431
2026-06-30,336.6623
2026-07-01,336.1698
2026-07-02,336.2879
2026-07-03,336.0313
2026-07-06,335.2555
2026-07-07,334.9494
2026-07-08,334.7128
2026-07-09,335.4585
2026-07-10,336.4034
2026-07-13,335.759
2026-07-14,336.2222
2026-07-15,336.2814
2026-07-16,336.3953
2026-07-17,336.3055
2026-07-20,336.2321
2026-07-21,336.2674
2026-07-22,336.3526
2026-07-23,336.4163
2026-07-24,336.2576
2026-07-27,336.2533
2026-07-28,336.2512
2026-07-30,336.1785
2026-07-31,336.0466
2026-08-03,335.7776
2026-08-04,335.7173
2026-08-05,335.7284
2026-08-06,335.5988
2026-08-07,335.4267
2026-08-10,335.4542
2026-08-11,335.2033
2026-08-12,334.787
2026-08-13,334.3344
2026-08-14,333.5952
2026-08-17,333.0854
2026-08-18,332.2862
2026-08-19,331.8318
2026-08-20,331.2303
2026-08-21,330.1657
2026-08-24,329.4456
2026-08-25,329.0037
2026-08-28,328.6088
2026-08-31,328.0149
2026-09-01,327.8963
2026-09-02,328.0538
2026-09-03,328.589
2026-09-04,328.3642
2026-09-07,328.3421
2026-09-08,328.21
2026-09-09,328.7701
2026-09-10,328.751
2026-09-11,328.5966
2026-09-14,328.6751
2026-09-15,329.0351
2026-09-16,330.1761
2026-09-17,331.892
2026-09-18,332.1338
2026-09-21,330.349
2026-09-22,330.8125
2026-09-23,329.8867
2026-09-24,329.0158
2026-09-25,330.3522
